userId,teamId,responses
127,15,"[[2, 3], [3, 4, 3, 2, 2], [2, 7, 2, 2, 3], [4, 3, 3, 1], [1, 5, 6], [2], [1, 2], [3, 1], [3, 1], [6], [3, 3, 4], [2, 3], [3], [2]]"
128,15,"[[3, 2], [1, 4, 3, 3, 1], [1, 5, 3, 5, 1], [1, 6, 2, 3], [1, 6, 5], [2], [1, 5], [5, 2], [2, 2], [5], [1, 3, 3], [3, 5], [2], [2]]"
129,15,"[[3, 2], [1, 2, 3, 1, 3], [1, 5, 4, 4, 2], [1, 3, 2, 4], [1, 6, 5], [2], [2, 6], [5, 3], [3, 3], [5], [2, 2, 2], [1, 6], [2], [3]]"
130,15,"[[1, 1], [2, 4, 4, 1, 3], [1, 5, 4, 5, 1], [1, 4, 1, 2], [1, 5, 7], [3], [1, 1], [6, 2], [1, 1], [5], [2, 1, 2], [1, 4], [1], [1]]"
131,15,"[[4, 4], [2, 3, 4, 2, 4], [2, 6, 3, 5, 1], [1, 5, 5, 3], [2, 3, 5], [2], [3, 5], [4, 2], [4, 2], [5], [2, 2, 5], [2, 4], [4], [4]]"
132,20,"[[2, 2], [3, 3, 3, 1, 2], [1, 2, 3, 6, 2], [4, 4, 2, 5], [2, 6, 5], [1], [2, 3], [4, 1], [1, 1], [5], [3, 2, 2], [1, 2], [2], [2]]"
134,19,"[[4, 4], [3, 3, 3, 1, 5], [2, 6, 4, 5, 1], [2, 2, 6, 3], [3, 5, 6], [3], [2, 6], [2, 3], [3, 2], [6], [2, 1, 6], [2, 2], [3], [2]]"
136,17,"[[1, 1], [1, 3, 4, 2, 2], [1, 5, 4, 6, 2], [4, 5, 2, 4], [3, 6, 5], [3], [2, 4], [4, 2], [1, 1], [7], [1, 2, 5], [2, 4], [3], [1]]"
137,16,"[[3, 2], [3, 4, 3, 3, 2], [1, 7, 4, 4, 2], [2, 6, 4, 4], [2, 7, 7], [2], [1, 4], [3, 3], [1, 1], [5], [1, 2, 7], [1, 3], [1], [1]]"
138,18,"[[3, 3], [1, 1, 1, 1, 5], [1, 6, 4, 6, 2], [4, 2, 4, 3], [1, 4, 6], [3], [1, 6], [5, 3], [1, 1], [4], [1, 1, 5], [1, 2], [1], [1]]"
139,21,"[[1, 1], [1, 3, 4, 1, 2], [1, 5, 4, 4, 1], [1, 3, 5, 3], [1, 5, 6], [2], [1, 3], [2, 3], [1, 1], [3], [1, 2, 5], [1, 3], [1], [1]]"
141,15,"[[3, 2], [1, 3, 3, 1, 3], [1, 5, 5, 6, 2], [1, 5, 3, 3], [1, 6, 5], [3], [2, 3], [4, 3], [1, 1], [7], [1, 1, 7], [1, 2], [1], [1]]"
142,14,"[[4, 4], [1, 3, 4, 2, 3], [1, 4, 4, 4, 1], [2, 6, 3, 3], [4, 6, 4], [3], [4, 2], [3, 2], [1, 1], [5], [1, 2, 5], [1, 2], [2], [2]]"
145,18,"[[2, 1], [2, 3, 4, 1, 3], [1, 6, 4, 6, 1], [2, 5, 2, 3], [1, 5, 6], [2], [2, 6], [4, 2], [2, 1], [5], [1, 2, 5], [1, 3], [3], [1]]"
146,16,"[[4, 3], [3, 3, 4, 1, 2], [2, 4, 4, 6, 3], [2, 7, 1, 3], [3, 5, 5], [3], [3, 2], [4, 3], [2, 1], [4], [2, 2, 4], [2, 4], [2], [2]]"
147,19,"[[3, 2], [2, 2, 3, 2, 6], [1, 7, 4, 6, 4], [4, 2, 6, 4], [2, 7, 7], [3], [1, 7], [7, 1], [1, 1], [6], [2, 1, 5], [1, 2], [2], [2]]"
148,17,"[[1, 1], [1, 2, 4, 1, 5], [1, 6, 4, 6, 3], [2, 2, 4, 3], [1, 5, 5], [3], [2, 5], [5, 2], [1, 1], [3], [1, 1, 3], [1, 4], [1], [1]]"
149,18,"[[4, 4], [3, 4, 4, 2, 3], [2, 7, 2, 5, 3], [3, 5, 4, 2], [4, 7, 7], [3], [2, 6], [3, 1], [2, 1], [5], [1, 1, 7], [2, 5], [3], [2]]"
150,13,"[[3, 3], [3, 3, 4, 1, 4], [2, 6, 3, 4, 2], [4, 2, 5, 4], [3, 5, 5], [3], [2, 5], [4, 3], [3, 1], [5], [3, 1, 4], [1, 2], [3], [3]]"
151,20,"[[4, 2], [1, 3, 3, 1, 2], [1, 6, 4, 6, 3], [3, 6, 3, 3], [2, 6, 6], [3], [1, 5], [6, 2], [2, 2], [4], [4, 3, 2], [1, 2], [4], [4]]"
152,20,"[[3, 2], [2, 4, 3, 2, 4], [1, 5, 4, 5, 2], [3, 2, 3, 4], [2, 5, 5], [3], [2, 5], [5, 2], [3, 1], [6], [1, 3, 3], [1, 2], [2], [1]]"
154,18,"[[3, 3], [2, 2, 1, 1, 6], [1, 6, 3, 5, 1], [4, 1, 3, 3], [3, 4, 6], [3], [2, 7], [4, 3], [2, 1], [3], [2, 1, 6], [1, 2], [3], [1]]"
155,21,"[[4, 4], [1, 3, 4, 3, 2], [2, 3, 5, 7, 2], [3, 4, 3, 3], [4, 5, 4], [2], [1, 5], [5, 3], [2, 1], [5], [1, 1, 5], [1, 5], [3], [1]]"
156,19,"[[4, 3], [2, 3, 3, 2, 5], [1, 4, 5, 5, 2], [4, 4, 3, 3], [2, 5, 6], [2], [2, 4], [4, 2], [1, 1], [4], [2, 1, 5], [1, 2], [2], [2]]"
157,18,"[[3, 3], [1, 3, 3, 1, 1], [1, 3, 3, 4, 2], [4, 3, 5, 4], [2, 5, 4], [3], [2, 4], [6, 3], [2, 1], [3], [1, 1, 5], [1, 2], [4], [1]]"
158,19,"[[4, 3], [3, 3, 4, 1, 5], [2, 6, 4, 5, 1], [3, 5, 3, 3], [3, 5, 4], [3], [3, 6], [3, 3], [2, 1], [4], [3, 2, 5], [2, 4], [2], [2]]"
159,16,"[[1, 1], [2, 3, 1, 2, 6], [1, 6, 4, 4, 1], [4, 2, 3, 4], [2, 5, 6], [3], [1, 6], [2, 2], [1, 1], [4], [1, 1, 3], [1, 4], [2], [2]]"
160,17,"[[4, 4], [2, 2, 3, 3, 4], [1, 4, 4, 5, 3], [2, 2, 1, 5], [3, 5, 2], [2], [2, 5], [4, 3], [3, 2], [5], [3, 4, 2], [3, 4], [2], [2]]"
161,16,"[[3, 2], [2, 2, 1, 1, 4], [1, 6, 2, 4, 3], [3, 2, 2, 4], [2, 5, 5], [3], [2, 5], [4, 2], [1, 1], [7], [1, 1, 5], [1, 5], [1], [1]]"
163,19,"[[2, 3], [1, 3, 3, 2, 3], [1, 6, 5, 6, 4], [2, 5, 4, 4], [2, 6, 7], [1], [1, 7], [5, 3], [1, 1], [2], [1, 1, 7], [1, 3], [1], [1]]"
164,17,"[[4, 4], [2, 5, 3, 3, 3], [2, 3, 5, 6, 3], [3, 6, 3, 5], [2, 6, 3], [2], [2, 4], [4, 3], [3, 2], [2], [1, 3, 2], [2, 6], [1], [2]]"
165,17,"[[3, 2], [3, 2, 4, 1, 7], [2, 5, 4, 5, 3], [2, 2, 7, 4], [3, 7, 4], [2], [1, 6], [4, 3], [2, 1], [2], [2, 2, 7], [1, 2], [1], [1]]"
166,13,"[[3, 3], [2, 2, 1, 1, 3], [2, 4, 3, 5, 2], [1, 4, 3, 3], [3, 5, 5], [3], [1, 4], [3, 3], [2, 1], [4], [1, 1, 5], [1, 1], [2], [1]]"
170,14,"[[2, 2], [1, 3, 3, 2, 2], [1, 6, 3, 4, 2], [2, 4, 4, 3], [2, 5, 5], [3], [1, 2], [6, 3], [1, 1], [6], [1, 1, 7], [1, 1], [1], [1]]"
172,19,"[[2, 3], [2, 4, 4, 3, 6], [2, 2, 5, 7, 4], [3, 1, 1, 5], [2, 7, 7], [2], [1, 4], [7, 1], [2, 1], [4], [4, 3, 2], [1, 6], [4], [2]]"
175,16,"[[3, 2], [2, 3, 3, 1, 3], [1, 6, 3, 4, 3], [1, 1, 7, 4], [1, 6, 6], [3], [1, 6], [6, 3], [2, 2], [4], [1, 2, 3], [1, 5], [4], [3]]"
176,17,"[[3, 2], [2, 2, 1, 2, 3], [1, 3, 4, 4, 1], [5, 2, 5, 3], [2, 6, 6], [3], [6, 6], [4, 1], [2, 1], [5], [2, 1, 5], [1, 1], [1], [1]]"
179,21,"[[1, 1], [1, 3, 4, 3, 4], [1, 6, 3, 5, 2], [2, 4, 3, 3], [2, 4, 6], [2], [1, 5], [2, 3], [1, 1], [1], [1, 2, 5], [1, 2], [1], [1]]"
180,14,"[[2, 2], [1, 5, 4, 3, 1], [2, 5, 4, 3, 3], [3, 2, 4, 4], [4, 7, 4], [2], [1, 3], [5, 2], [1, 1], [3], [1, 1, 5], [1, 4], [1], [1]]"
182,22,"[[2, 2], [2, 2, 4, 1, 3], [2, 6, 3, 6, 1], [2, 2, 2, 3], [2, 5, 5], [3], [2, 6], [3, 3], [3, 1], [6], [3, 1, 4], [2, 4], [3], [3]]"
183,20,"[[1, 1], [1, 3, 4, 3, 2], [1, 6, 4, 7, 2], [1, 1, 6, 4], [2, 7, 7], [3], [2, 4], [5, 2], [1, 1], [7], [1, 1, 1], [1, 2], [1], [1]]"
184,14,"[[2, 1], [2, 2, 2, 1, 5], [1, 6, 4, 5, 2], [3, 4, 5, 3], [3, 4, 4], [3], [3, 5], [4, 2], [4, 2], [4], [4, 1, 5], [1, 1], [3], [4]]"
185,14,"[[4, 6], [3, 4, 4, 1, 4], [3, 1, 2, 3, 4], [2, 5, 3, 3], [4, 5, 2], [3], [6, 6], [4, 1], [3, 1], [7], [3, 2, 6], [1, 2], [4], [2]]"
186,20,"[[3, 4], [1, 2, 4, 1, 3], [1, 4, 4, 3, 3], [2, 5, 3, 3], [2, 7, 5], [2], [4, 5], [4, 3], [2, 1], [5], [2, 1, 4], [1, 4], [2], [2]]"
187,14,"[[3, 3], [1, 2, 2, 1, 5], [1, 6, 4, 3, 2], [1, 5, 4, 3], [1, 6, 6], [3], [1, 5], [5, 3], [2, 1], [6], [1, 1, 3], [1, 5], [2], [1]]"
188,15,"[[2, 3], [3, 4, 3, 2, 2], [2, 7, 2, 2, 3], [4, 3, 3, 1], [1, 5, 6], [2], [1, 2], [3, 1], [3, 1], [6], [3, 3, 4], [2, 3], [3], [2]]"
189,15,"[[3, 2], [1, 4, 3, 3, 1], [1, 5, 3, 5, 1], [1, 6, 2, 3], [1, 6, 5], [2], [1, 5], [5, 2], [2, 2], [5], [1, 3, 3], [3, 5], [2], [2]]"
190,15,"[[3, 2], [1, 2, 3, 1, 3], [1, 5, 4, 4, 2], [1, 3, 2, 4], [1, 6, 5], [2], [2, 6], [5, 3], [3, 3], [5], [2, 2, 2], [1, 6], [2], [3]]"
191,15,"[[1, 1], [2, 4, 4, 1, 3], [1, 5, 4, 5, 1], [1, 4, 1, 2], [1, 5, 7], [3], [1, 1], [6, 2], [1, 1], [5], [2, 1, 2], [1, 4], [1], [1]]"
192,15,"[[4, 4], [2, 3, 4, 2, 4], [2, 6, 3, 5, 1], [1, 5, 5, 3], [2, 3, 5], [2], [3, 5], [4, 2], [4, 2], [5], [2, 2, 5], [2, 4], [4], [4]]"
193,20,"[[2, 2], [3, 3, 3, 1, 2], [1, 2, 3, 6, 2], [4, 4, 2, 5], [2, 6, 5], [1], [2, 3], [4, 1], [1, 1], [5], [3, 2, 2], [1, 2], [2], [2]]"
194,19,"[[4, 4], [3, 3, 3, 1, 5], [2, 6, 4, 5, 1], [2, 2, 6, 3], [3, 5, 6], [3], [2, 6], [2, 3], [3, 2], [6], [2, 1, 6], [2, 2], [3], [2]]"
195,17,"[[1, 1], [1, 3, 4, 2, 2], [1, 5, 4, 6, 2], [4, 5, 2, 4], [3, 6, 5], [3], [2, 4], [4, 2], [1, 1], [7], [1, 2, 5], [2, 4], [3], [1]]"
196,16,"[[3, 2], [3, 4, 3, 3, 2], [1, 7, 4, 4, 2], [2, 6, 4, 4], [2, 7, 7], [2], [1, 4], [3, 3], [1, 1], [5], [1, 2, 7], [1, 3], [1], [1]]"
197,18,"[[3, 3], [1, 1, 1, 1, 5], [1, 6, 4, 6, 2], [4, 2, 4, 3], [1, 4, 6], [3], [1, 6], [5, 3], [1, 1], [4], [1, 1, 5], [1, 2], [1], [1]]"
198,21,"[[1, 1], [1, 3, 4, 1, 2], [1, 5, 4, 4, 1], [1, 3, 5, 3], [1, 5, 6], [2], [1, 3], [2, 3], [1, 1], [3], [1, 2, 5], [1, 3], [1], [1]]"
199,15,"[[3, 2], [1, 3, 3, 1, 3], [1, 5, 5, 6, 2], [1, 5, 3, 3], [1, 6, 5], [3], [2, 3], [4, 3], [1, 1], [7], [1, 1, 7], [1, 2], [1], [1]]"
200,14,"[[4, 4], [1, 3, 4, 2, 3], [1, 4, 4, 4, 1], [2, 6, 3, 3], [4, 6, 4], [3], [4, 2], [3, 2], [1, 1], [5], [1, 2, 5], [1, 2], [2], [2]]"
201,18,"[[2, 1], [2, 3, 4, 1, 3], [1, 6, 4, 6, 1], [2, 5, 2, 3], [1, 5, 6], [2], [2, 6], [4, 2], [2, 1], [5], [1, 2, 5], [1, 3], [3], [1]]"
202,16,"[[4, 3], [3, 3, 4, 1, 2], [2, 4, 4, 6, 3], [2, 7, 1, 3], [3, 5, 5], [3], [3, 2], [4, 3], [2, 1], [4], [2, 2, 4], [2, 4], [2], [2]]"
203,19,"[[3, 2], [2, 2, 3, 2, 6], [1, 7, 4, 6, 4], [4, 2, 6, 4], [2, 7, 7], [3], [1, 7], [7, 1], [1, 1], [6], [2, 1, 5], [1, 2], [2], [2]]"
204,17,"[[1, 1], [1, 2, 4, 1, 5], [1, 6, 4, 6, 3], [2, 2, 4, 3], [1, 5, 5], [3], [2, 5], [5, 2], [1, 1], [3], [1, 1, 3], [1, 4], [1], [1]]"
205,18,"[[4, 4], [3, 4, 4, 2, 3], [2, 7, 2, 5, 3], [3, 5, 4, 2], [4, 7, 7], [3], [2, 6], [3, 1], [2, 1], [5], [1, 1, 7], [2, 5], [3], [2]]"
206,13,"[[3, 3], [3, 3, 4, 1, 4], [2, 6, 3, 4, 2], [4, 2, 5, 4], [3, 5, 5], [3], [2, 5], [4, 3], [3, 1], [5], [3, 1, 4], [1, 2], [3], [3]]"
207,20,"[[4, 2], [1, 3, 3, 1, 2], [1, 6, 4, 6, 3], [3, 6, 3, 3], [2, 6, 6], [3], [1, 5], [6, 2], [2, 2], [4], [4, 3, 2], [1, 2], [4], [4]]"
208,20,"[[3, 2], [2, 4, 3, 2, 4], [1, 5, 4, 5, 2], [3, 2, 3, 4], [2, 5, 5], [3], [2, 5], [5, 2], [3, 1], [6], [1, 3, 3], [1, 2], [2], [1]]"
209,18,"[[3, 3], [2, 2, 1, 1, 6], [1, 6, 3, 5, 1], [4, 1, 3, 3], [3, 4, 6], [3], [2, 7], [4, 3], [2, 1], [3], [2, 1, 6], [1, 2], [3], [1]]"
210,21,"[[4, 4], [1, 3, 4, 3, 2], [2, 3, 5, 7, 2], [3, 4, 3, 3], [4, 5, 4], [2], [1, 5], [5, 3], [2, 1], [5], [1, 1, 5], [1, 5], [3], [1]]"
211,19,"[[4, 3], [2, 3, 3, 2, 5], [1, 4, 5, 5, 2], [4, 4, 3, 3], [2, 5, 6], [2], [2, 4], [4, 2], [1, 1], [4], [2, 1, 5], [1, 2], [2], [2]]"
212,18,"[[3, 3], [1, 3, 3, 1, 1], [1, 3, 3, 4, 2], [4, 3, 5, 4], [2, 5, 4], [3], [2, 4], [6, 3], [2, 1], [3], [1, 1, 5], [1, 2], [4], [1]]"
213,19,"[[4, 3], [3, 3, 4, 1, 5], [2, 6, 4, 5, 1], [3, 5, 3, 3], [3, 5, 4], [3], [3, 6], [3, 3], [2, 1], [4], [3, 2, 5], [2, 4], [2], [2]]"
214,16,"[[1, 1], [2, 3, 1, 2, 6], [1, 6, 4, 4, 1], [4, 2, 3, 4], [2, 5, 6], [3], [1, 6], [2, 2], [1, 1], [4], [1, 1, 3], [1, 4], [2], [2]]"
215,17,"[[4, 4], [2, 2, 3, 3, 4], [1, 4, 4, 5, 3], [2, 2, 1, 5], [3, 5, 2], [2], [2, 5], [4, 3], [3, 2], [5], [3, 4, 2], [3, 4], [2], [2]]"
216,16,"[[3, 2], [2, 2, 1, 1, 4], [1, 6, 2, 4, 3], [3, 2, 2, 4], [2, 5, 5], [3], [2, 5], [4, 2], [1, 1], [7], [1, 1, 5], [1, 5], [1], [1]]"
217,19,"[[2, 3], [1, 3, 3, 2, 3], [1, 6, 5, 6, 4], [2, 5, 4, 4], [2, 6, 7], [1], [1, 7], [5, 3], [1, 1], [2], [1, 1, 7], [1, 3], [1], [1]]"
218,17,"[[4, 4], [2, 5, 3, 3, 3], [2, 3, 5, 6, 3], [3, 6, 3, 5], [2, 6, 3], [2], [2, 4], [4, 3], [3, 2], [2], [1, 3, 2], [2, 6], [1], [2]]"
219,17,"[[3, 2], [3, 2, 4, 1, 7], [2, 5, 4, 5, 3], [2, 2, 7, 4], [3, 7, 4], [2], [1, 6], [4, 3], [2, 1], [2], [2, 2, 7], [1, 2], [1], [1]]"
220,13,"[[3, 3], [2, 2, 1, 1, 3], [2, 4, 3, 5, 2], [1, 4, 3, 3], [3, 5, 5], [3], [1, 4], [3, 3], [2, 1], [4], [1, 1, 5], [1, 1], [2], [1]]"
221,14,"[[2, 2], [1, 3, 3, 2, 2], [1, 6, 3, 4, 2], [2, 4, 4, 3], [2, 5, 5], [3], [1, 2], [6, 3], [1, 1], [6], [1, 1, 7], [1, 1], [1], [1]]"
222,19,"[[2, 3], [2, 4, 4, 3, 6], [2, 2, 5, 7, 4], [3, 1, 1, 5], [2, 7, 7], [2], [1, 4], [7, 1], [2, 1], [4], [4, 3, 2], [1, 6], [4], [2]]"
223,16,"[[3, 2], [2, 3, 3, 1, 3], [1, 6, 3, 4, 3], [1, 1, 7, 4], [1, 6, 6], [3], [1, 6], [6, 3], [2, 2], [4], [1, 2, 3], [1, 5], [4], [3]]"
224,17,"[[3, 2], [2, 2, 1, 2, 3], [1, 3, 4, 4, 1], [5, 2, 5, 3], [2, 6, 6], [3], [6, 6], [4, 1], [2, 1], [5], [2, 1, 5], [1, 1], [1], [1]]"
225,21,"[[1, 1], [1, 3, 4, 3, 4], [1, 6, 3, 5, 2], [2, 4, 3, 3], [2, 4, 6], [2], [1, 5], [2, 3], [1, 1], [1], [1, 2, 5], [1, 2], [1], [1]]"
226,14,"[[2, 2], [1, 5, 4, 3, 1], [2, 5, 4, 3, 3], [3, 2, 4, 4], [4, 7, 4], [2], [1, 3], [5, 2], [1, 1], [3], [1, 1, 5], [1, 4], [1], [1]]"
227,22,"[[2, 2], [2, 2, 4, 1, 3], [2, 6, 3, 6, 1], [2, 2, 2, 3], [2, 5, 5], [3], [2, 6], [3, 3], [3, 1], [6], [3, 1, 4], [2, 4], [3], [3]]"
228,20,"[[1, 1], [1, 3, 4, 3, 2], [1, 6, 4, 7, 2], [1, 1, 6, 4], [2, 7, 7], [3], [2, 4], [5, 2], [1, 1], [7], [1, 1, 1], [1, 2], [1], [1]]"
229,14,"[[2, 1], [2, 2, 2, 1, 5], [1, 6, 4, 5, 2], [3, 4, 5, 3], [3, 4, 4], [3], [3, 5], [4, 2], [4, 2], [4], [4, 1, 5], [1, 1], [3], [4]]"
230,14,"[[4, 6], [3, 4, 4, 1, 4], [3, 1, 2, 3, 4], [2, 5, 3, 3], [4, 5, 2], [3], [6, 6], [4, 1], [3, 1], [7], [3, 2, 6], [1, 2], [4], [2]]"
231,20,"[[3, 4], [1, 2, 4, 1, 3], [1, 4, 4, 3, 3], [2, 5, 3, 3], [2, 7, 5], [2], [4, 5], [4, 3], [2, 1], [5], [2, 1, 4], [1, 4], [2], [2]]"
232,14,"[[3, 3], [1, 2, 2, 1, 5], [1, 6, 4, 3, 2], [1, 5, 4, 3], [1, 6, 6], [3], [1, 5], [5, 3], [2, 1], [6], [1, 1, 3], [1, 5], [2], [1]]"
233,15,"[[2, 3], [3, 4, 3, 2, 2], [2, 7, 2, 2, 3], [4, 3, 3, 1], [1, 5, 6], [2], [1, 2], [3, 1], [3, 1], [6], [3, 3, 4], [2, 3], [3], [2]]"
234,15,"[[3, 2], [1, 4, 3, 3, 1], [1, 5, 3, 5, 1], [1, 6, 2, 3], [1, 6, 5], [2], [1, 5], [5, 2], [2, 2], [5], [1, 3, 3], [3, 5], [2], [2]]"
235,15,"[[3, 2], [1, 2, 3, 1, 3], [1, 5, 4, 4, 2], [1, 3, 2, 4], [1, 6, 5], [2], [2, 6], [5, 3], [3, 3], [5], [2, 2, 2], [1, 6], [2], [3]]"
236,15,"[[1, 1], [2, 4, 4, 1, 3], [1, 5, 4, 5, 1], [1, 4, 1, 2], [1, 5, 7], [3], [1, 1], [6, 2], [1, 1], [5], [2, 1, 2], [1, 4], [1], [1]]"
237,15,"[[4, 4], [2, 3, 4, 2, 4], [2, 6, 3, 5, 1], [1, 5, 5, 3], [2, 3, 5], [2], [3, 5], [4, 2], [4, 2], [5], [2, 2, 5], [2, 4], [4], [4]]"
238,20,"[[2, 2], [3, 3, 3, 1, 2], [1, 2, 3, 6, 2], [4, 4, 2, 5], [2, 6, 5], [1], [2, 3], [4, 1], [1, 1], [5], [3, 2, 2], [1, 2], [2], [2]]"
239,19,"[[4, 4], [3, 3, 3, 1, 5], [2, 6, 4, 5, 1], [2, 2, 6, 3], [3, 5, 6], [3], [2, 6], [2, 3], [3, 2], [6], [2, 1, 6], [2, 2], [3], [2]]"
240,17,"[[1, 1], [1, 3, 4, 2, 2], [1, 5, 4, 6, 2], [4, 5, 2, 4], [3, 6, 5], [3], [2, 4], [4, 2], [1, 1], [7], [1, 2, 5], [2, 4], [3], [1]]"
241,16,"[[3, 2], [3, 4, 3, 3, 2], [1, 7, 4, 4, 2], [2, 6, 4, 4], [2, 7, 7], [2], [1, 4], [3, 3], [1, 1], [5], [1, 2, 7], [1, 3], [1], [1]]"
242,18,"[[3, 3], [1, 1, 1, 1, 5], [1, 6, 4, 6, 2], [4, 2, 4, 3], [1, 4, 6], [3], [1, 6], [5, 3], [1, 1], [4], [1, 1, 5], [1, 2], [1], [1]]"
243,21,"[[1, 1], [1, 3, 4, 1, 2], [1, 5, 4, 4, 1], [1, 3, 5, 3], [1, 5, 6], [2], [1, 3], [2, 3], [1, 1], [3], [1, 2, 5], [1, 3], [1], [1]]"
244,15,"[[3, 2], [1, 3, 3, 1, 3], [1, 5, 5, 6, 2], [1, 5, 3, 3], [1, 6, 5], [3], [2, 3], [4, 3], [1, 1], [7], [1, 1, 7], [1, 2], [1], [1]]"
245,14,"[[4, 4], [1, 3, 4, 2, 3], [1, 4, 4, 4, 1], [2, 6, 3, 3], [4, 6, 4], [3], [4, 2], [3, 2], [1, 1], [5], [1, 2, 5], [1, 2], [2], [2]]"
246,18,"[[2, 1], [2, 3, 4, 1, 3], [1, 6, 4, 6, 1], [2, 5, 2, 3], [1, 5, 6], [2], [2, 6], [4, 2], [2, 1], [5], [1, 2, 5], [1, 3], [3], [1]]"
247,16,"[[4, 3], [3, 3, 4, 1, 2], [2, 4, 4, 6, 3], [2, 7, 1, 3], [3, 5, 5], [3], [3, 2], [4, 3], [2, 1], [4], [2, 2, 4], [2, 4], [2], [2]]"
248,19,"[[3, 2], [2, 2, 3, 2, 6], [1, 7, 4, 6, 4], [4, 2, 6, 4], [2, 7, 7], [3], [1, 7], [7, 1], [1, 1], [6], [2, 1, 5], [1, 2], [2], [2]]"
249,17,"[[1, 1], [1, 2, 4, 1, 5], [1, 6, 4, 6, 3], [2, 2, 4, 3], [1, 5, 5], [3], [2, 5], [5, 2], [1, 1], [3], [1, 1, 3], [1, 4], [1], [1]]"
250,18,"[[4, 4], [3, 4, 4, 2, 3], [2, 7, 2, 5, 3], [3, 5, 4, 2], [4, 7, 7], [3], [2, 6], [3, 1], [2, 1], [5], [1, 1, 7], [2, 5], [3], [2]]"
251,13,"[[3, 3], [3, 3, 4, 1, 4], [2, 6, 3, 4, 2], [4, 2, 5, 4], [3, 5, 5], [3], [2, 5], [4, 3], [3, 1], [5], [3, 1, 4], [1, 2], [3], [3]]"
252,20,"[[4, 2], [1, 3, 3, 1, 2], [1, 6, 4, 6, 3], [3, 6, 3, 3], [2, 6, 6], [3], [1, 5], [6, 2], [2, 2], [4], [4, 3, 2], [1, 2], [4], [4]]"
253,20,"[[3, 2], [2, 4, 3, 2, 4], [1, 5, 4, 5, 2], [3, 2, 3, 4], [2, 5, 5], [3], [2, 5], [5, 2], [3, 1], [6], [1, 3, 3], [1, 2], [2], [1]]"
254,18,"[[3, 3], [2, 2, 1, 1, 6], [1, 6, 3, 5, 1], [4, 1, 3, 3], [3, 4, 6], [3], [2, 7], [4, 3], [2, 1], [3], [2, 1, 6], [1, 2], [3], [1]]"
255,21,"[[4, 4], [1, 3, 4, 3, 2], [2, 3, 5, 7, 2], [3, 4, 3, 3], [4, 5, 4], [2], [1, 5], [5, 3], [2, 1], [5], [1, 1, 5], [1, 5], [3], [1]]"
256,19,"[[4, 3], [2, 3, 3, 2, 5], [1, 4, 5, 5, 2], [4, 4, 3, 3], [2, 5, 6], [2], [2, 4], [4, 2], [1, 1], [4], [2, 1, 5], [1, 2], [2], [2]]"
257,18,"[[3, 3], [1, 3, 3, 1, 1], [1, 3, 3, 4, 2], [4, 3, 5, 4], [2, 5, 4], [3], [2, 4], [6, 3], [2, 1], [3], [1, 1, 5], [1, 2], [4], [1]]"
258,19,"[[4, 3], [3, 3, 4, 1, 5], [2, 6, 4, 5, 1], [3, 5, 3, 3], [3, 5, 4], [3], [3, 6], [3, 3], [2, 1], [4], [3, 2, 5], [2, 4], [2], [2]]"
259,16,"[[1, 1], [2, 3, 1, 2, 6], [1, 6, 4, 4, 1], [4, 2, 3, 4], [2, 5, 6], [3], [1, 6], [2, 2], [1, 1], [4], [1, 1, 3], [1, 4], [2], [2]]"
260,17,"[[4, 4], [2, 2, 3, 3, 4], [1, 4, 4, 5, 3], [2, 2, 1, 5], [3, 5, 2], [2], [2, 5], [4, 3], [3, 2], [5], [3, 4, 2], [3, 4], [2], [2]]"
261,16,"[[3, 2], [2, 2, 1, 1, 4], [1, 6, 2, 4, 3], [3, 2, 2, 4], [2, 5, 5], [3], [2, 5], [4, 2], [1, 1], [7], [1, 1, 5], [1, 5], [1], [1]]"
262,19,"[[2, 3], [1, 3, 3, 2, 3], [1, 6, 5, 6, 4], [2, 5, 4, 4], [2, 6, 7], [1], [1, 7], [5, 3], [1, 1], [2], [1, 1, 7], [1, 3], [1], [1]]"
263,17,"[[4, 4], [2, 5, 3, 3, 3], [2, 3, 5, 6, 3], [3, 6, 3, 5], [2, 6, 3], [2], [2, 4], [4, 3], [3, 2], [2], [1, 3, 2], [2, 6], [1], [2]]"
264,17,"[[3, 2], [3, 2, 4, 1, 7], [2, 5, 4, 5, 3], [2, 2, 7, 4], [3, 7, 4], [2], [1, 6], [4, 3], [2, 1], [2], [2, 2, 7], [1, 2], [1], [1]]"
265,13,"[[3, 3], [2, 2, 1, 1, 3], [2, 4, 3, 5, 2], [1, 4, 3, 3], [3, 5, 5], [3], [1, 4], [3, 3], [2, 1], [4], [1, 1, 5], [1, 1], [2], [1]]"
266,14,"[[2, 2], [1, 3, 3, 2, 2], [1, 6, 3, 4, 2], [2, 4, 4, 3], [2, 5, 5], [3], [1, 2], [6, 3], [1, 1], [6], [1, 1, 7], [1, 1], [1], [1]]"
267,19,"[[2, 3], [2, 4, 4, 3, 6], [2, 2, 5, 7, 4], [3, 1, 1, 5], [2, 7, 7], [2], [1, 4], [7, 1], [2, 1], [4], [4, 3, 2], [1, 6], [4], [2]]"
268,16,"[[3, 2], [2, 3, 3, 1, 3], [1, 6, 3, 4, 3], [1, 1, 7, 4], [1, 6, 6], [3], [1, 6], [6, 3], [2, 2], [4], [1, 2, 3], [1, 5], [4], [3]]"
269,17,"[[3, 2], [2, 2, 1, 2, 3], [1, 3, 4, 4, 1], [5, 2, 5, 3], [2, 6, 6], [3], [6, 6], [4, 1], [2, 1], [5], [2, 1, 5], [1, 1], [1], [1]]"
270,21,"[[1, 1], [1, 3, 4, 3, 4], [1, 6, 3, 5, 2], [2, 4, 3, 3], [2, 4, 6], [2], [1, 5], [2, 3], [1, 1], [1], [1, 2, 5], [1, 2], [1], [1]]"
271,14,"[[2, 2], [1, 5, 4, 3, 1], [2, 5, 4, 3, 3], [3, 2, 4, 4], [4, 7, 4], [2], [1, 3], [5, 2], [1, 1], [3], [1, 1, 5], [1, 4], [1], [1]]"
272,22,"[[2, 2], [2, 2, 4, 1, 3], [2, 6, 3, 6, 1], [2, 2, 2, 3], [2, 5, 5], [3], [2, 6], [3, 3], [3, 1], [6], [3, 1, 4], [2, 4], [3], [3]]"
273,20,"[[1, 1], [1, 3, 4, 3, 2], [1, 6, 4, 7, 2], [1, 1, 6, 4], [2, 7, 7], [3], [2, 4], [5, 2], [1, 1], [7], [1, 1, 1], [1, 2], [1], [1]]"
274,14,"[[2, 1], [2, 2, 2, 1, 5], [1, 6, 4, 5, 2], [3, 4, 5, 3], [3, 4, 4], [3], [3, 5], [4, 2], [4, 2], [4], [4, 1, 5], [1, 1], [3], [4]]"
275,14,"[[4, 6], [3, 4, 4, 1, 4], [3, 1, 2, 3, 4], [2, 5, 3, 3], [4, 5, 2], [3], [6, 6], [4, 1], [3, 1], [7], [3, 2, 6], [1, 2], [4], [2]]"
276,20,"[[3, 4], [1, 2, 4, 1, 3], [1, 4, 4, 3, 3], [2, 5, 3, 3], [2, 7, 5], [2], [4, 5], [4, 3], [2, 1], [5], [2, 1, 4], [1, 4], [2], [2]]"
277,14,"[[3, 3], [1, 2, 2, 1, 5], [1, 6, 4, 3, 2], [1, 5, 4, 3], [1, 6, 6], [3], [1, 5], [5, 3], [2, 1], [6], [1, 1, 3], [1, 5], [2], [1]]"
278,15,"[[2, 3], [3, 4, 3, 2, 2], [2, 7, 2, 2, 3], [4, 3, 3, 1], [1, 5, 6], [2], [1, 2], [3, 1], [3, 1], [6], [3, 3, 4], [2, 3], [3], [2]]"
279,15,"[[3, 2], [1, 4, 3, 3, 1], [1, 5, 3, 5, 1], [1, 6, 2, 3], [1, 6, 5], [2], [1, 5], [5, 2], [2, 2], [5], [1, 3, 3], [3, 5], [2], [2]]"
280,15,"[[3, 2], [1, 2, 3, 1, 3], [1, 5, 4, 4, 2], [1, 3, 2, 4], [1, 6, 5], [2], [2, 6], [5, 3], [3, 3], [5], [2, 2, 2], [1, 6], [2], [3]]"
281,15,"[[1, 1], [2, 4, 4, 1, 3], [1, 5, 4, 5, 1], [1, 4, 1, 2], [1, 5, 7], [3], [1, 1], [6, 2], [1, 1], [5], [2, 1, 2], [1, 4], [1], [1]]"
282,15,"[[4, 4], [2, 3, 4, 2, 4], [2, 6, 3, 5, 1], [1, 5, 5, 3], [2, 3, 5], [2], [3, 5], [4, 2], [4, 2], [5], [2, 2, 5], [2, 4], [4], [4]]"
283,20,"[[2, 2], [3, 3, 3, 1, 2], [1, 2, 3, 6, 2], [4, 4, 2, 5], [2, 6, 5], [1], [2, 3], [4, 1], [1, 1], [5], [3, 2, 2], [1, 2], [2], [2]]"
284,19,"[[4, 4], [3, 3, 3, 1, 5], [2, 6, 4, 5, 1], [2, 2, 6, 3], [3, 5, 6], [3], [2, 6], [2, 3], [3, 2], [6], [2, 1, 6], [2, 2], [3], [2]]"
285,17,"[[1, 1], [1, 3, 4, 2, 2], [1, 5, 4, 6, 2], [4, 5, 2, 4], [3, 6, 5], [3], [2, 4], [4, 2], [1, 1], [7], [1, 2, 5], [2, 4], [3], [1]]"
286,16,"[[3, 2], [3, 4, 3, 3, 2], [1, 7, 4, 4, 2], [2, 6, 4, 4], [2, 7, 7], [2], [1, 4], [3, 3], [1, 1], [5], [1, 2, 7], [1, 3], [1], [1]]"
287,18,"[[3, 3], [1, 1, 1, 1, 5], [1, 6, 4, 6, 2], [4, 2, 4, 3], [1, 4, 6], [3], [1, 6], [5, 3], [1, 1], [4], [1, 1, 5], [1, 2], [1], [1]]"
288,21,"[[1, 1], [1, 3, 4, 1, 2], [1, 5, 4, 4, 1], [1, 3, 5, 3], [1, 5, 6], [2], [1, 3], [2, 3], [1, 1], [3], [1, 2, 5], [1, 3], [1], [1]]"
289,15,"[[3, 2], [1, 3, 3, 1, 3], [1, 5, 5, 6, 2], [1, 5, 3, 3], [1, 6, 5], [3], [2, 3], [4, 3], [1, 1], [7], [1, 1, 7], [1, 2], [1], [1]]"
290,14,"[[4, 4], [1, 3, 4, 2, 3], [1, 4, 4, 4, 1], [2, 6, 3, 3], [4, 6, 4], [3], [4, 2], [3, 2], [1, 1], [5], [1, 2, 5], [1, 2], [2], [2]]"
291,18,"[[2, 1], [2, 3, 4, 1, 3], [1, 6, 4, 6, 1], [2, 5, 2, 3], [1, 5, 6], [2], [2, 6], [4, 2], [2, 1], [5], [1, 2, 5], [1, 3], [3], [1]]"
292,16,"[[4, 3], [3, 3, 4, 1, 2], [2, 4, 4, 6, 3], [2, 7, 1, 3], [3, 5, 5], [3], [3, 2], [4, 3], [2, 1], [4], [2, 2, 4], [2, 4], [2], [2]]"
293,19,"[[3, 2], [2, 2, 3, 2, 6], [1, 7, 4, 6, 4], [4, 2, 6, 4], [2, 7, 7], [3], [1, 7], [7, 1], [1, 1], [6], [2, 1, 5], [1, 2], [2], [2]]"
294,17,"[[1, 1], [1, 2, 4, 1, 5], [1, 6, 4, 6, 3], [2, 2, 4, 3], [1, 5, 5], [3], [2, 5], [5, 2], [1, 1], [3], [1, 1, 3], [1, 4], [1], [1]]"
295,18,"[[4, 4], [3, 4, 4, 2, 3], [2, 7, 2, 5, 3], [3, 5, 4, 2], [4, 7, 7], [3], [2, 6], [3, 1], [2, 1], [5], [1, 1, 7], [2, 5], [3], [2]]"
296,13,"[[3, 3], [3, 3, 4, 1, 4], [2, 6, 3, 4, 2], [4, 2, 5, 4], [3, 5, 5], [3], [2, 5], [4, 3], [3, 1], [5], [3, 1, 4], [1, 2], [3], [3]]"
297,20,"[[4, 2], [1, 3, 3, 1, 2], [1, 6, 4, 6, 3], [3, 6, 3, 3], [2, 6, 6], [3], [1, 5], [6, 2], [2, 2], [4], [4, 3, 2], [1, 2], [4], [4]]"
298,20,"[[3, 2], [2, 4, 3, 2, 4], [1, 5, 4, 5, 2], [3, 2, 3, 4], [2, 5, 5], [3], [2, 5], [5, 2], [3, 1], [6], [1, 3, 3], [1, 2], [2], [1]]"
299,18,"[[3, 3], [2, 2, 1, 1, 6], [1, 6, 3, 5, 1], [4, 1, 3, 3], [3, 4, 6], [3], [2, 7], [4, 3], [2, 1], [3], [2, 1, 6], [1, 2], [3], [1]]"
300,21,"[[4, 4], [1, 3, 4, 3, 2], [2, 3, 5, 7, 2], [3, 4, 3, 3], [4, 5, 4], [2], [1, 5], [5, 3], [2, 1], [5], [1, 1, 5], [1, 5], [3], [1]]"
301,19,"[[4, 3], [2, 3, 3, 2, 5], [1, 4, 5, 5, 2], [4, 4, 3, 3], [2, 5, 6], [2], [2, 4], [4, 2], [1, 1], [4], [2, 1, 5], [1, 2], [2], [2]]"
302,18,"[[3, 3], [1, 3, 3, 1, 1], [1, 3, 3, 4, 2], [4, 3, 5, 4], [2, 5, 4], [3], [2, 4], [6, 3], [2, 1], [3], [1, 1, 5], [1, 2], [4], [1]]"
303,19,"[[4, 3], [3, 3, 4, 1, 5], [2, 6, 4, 5, 1], [3, 5, 3, 3], [3, 5, 4], [3], [3, 6], [3, 3], [2, 1], [4], [3, 2, 5], [2, 4], [2], [2]]"
304,16,"[[1, 1], [2, 3, 1, 2, 6], [1, 6, 4, 4, 1], [4, 2, 3, 4], [2, 5, 6], [3], [1, 6], [2, 2], [1, 1], [4], [1, 1, 3], [1, 4], [2], [2]]"
305,17,"[[4, 4], [2, 2, 3, 3, 4], [1, 4, 4, 5, 3], [2, 2, 1, 5], [3, 5, 2], [2], [2, 5], [4, 3], [3, 2], [5], [3, 4, 2], [3, 4], [2], [2]]"
306,16,"[[3, 2], [2, 2, 1, 1, 4], [1, 6, 2, 4, 3], [3, 2, 2, 4], [2, 5, 5], [3], [2, 5], [4, 2], [1, 1], [7], [1, 1, 5], [1, 5], [1], [1]]"
307,19,"[[2, 3], [1, 3, 3, 2, 3], [1, 6, 5, 6, 4], [2, 5, 4, 4], [2, 6, 7], [1], [1, 7], [5, 3], [1, 1], [2], [1, 1, 7], [1, 3], [1], [1]]"
308,17,"[[4, 4], [2, 5, 3, 3, 3], [2, 3, 5, 6, 3], [3, 6, 3, 5], [2, 6, 3], [2], [2, 4], [4, 3], [3, 2], [2], [1, 3, 2], [2, 6], [1], [2]]"
309,17,"[[3, 2], [3, 2, 4, 1, 7], [2, 5, 4, 5, 3], [2, 2, 7, 4], [3, 7, 4], [2], [1, 6], [4, 3], [2, 1], [2], [2, 2, 7], [1, 2], [1], [1]]"
310,13,"[[3, 3], [2, 2, 1, 1, 3], [2, 4, 3, 5, 2], [1, 4, 3, 3], [3, 5, 5], [3], [1, 4], [3, 3], [2, 1], [4], [1, 1, 5], [1, 1], [2], [1]]"
311,14,"[[2, 2], [1, 3, 3, 2, 2], [1, 6, 3, 4, 2], [2, 4, 4, 3], [2, 5, 5], [3], [1, 2], [6, 3], [1, 1], [6], [1, 1, 7], [1, 1], [1], [1]]"
312,19,"[[2, 3], [2, 4, 4, 3, 6], [2, 2, 5, 7, 4], [3, 1, 1, 5], [2, 7, 7], [2], [1, 4], [7, 1], [2, 1], [4], [4, 3, 2], [1, 6], [4], [2]]"
313,16,"[[3, 2], [2, 3, 3, 1, 3], [1, 6, 3, 4, 3], [1, 1, 7, 4], [1, 6, 6], [3], [1, 6], [6, 3], [2, 2], [4], [1, 2, 3], [1, 5], [4], [3]]"
314,17,"[[3, 2], [2, 2, 1, 2, 3], [1, 3, 4, 4, 1], [5, 2, 5, 3], [2, 6, 6], [3], [6, 6], [4, 1], [2, 1], [5], [2, 1, 5], [1, 1], [1], [1]]"
315,21,"[[1, 1], [1, 3, 4, 3, 4], [1, 6, 3, 5, 2], [2, 4, 3, 3], [2, 4, 6], [2], [1, 5], [2, 3], [1, 1], [1], [1, 2, 5], [1, 2], [1], [1]]"
316,14,"[[2, 2], [1, 5, 4, 3, 1], [2, 5, 4, 3, 3], [3, 2, 4, 4], [4, 7, 4], [2], [1, 3], [5, 2], [1, 1], [3], [1, 1, 5], [1, 4], [1], [1]]"
317,22,"[[2, 2], [2, 2, 4, 1, 3], [2, 6, 3, 6, 1], [2, 2, 2, 3], [2, 5, 5], [3], [2, 6], [3, 3], [3, 1], [6], [3, 1, 4], [2, 4], [3], [3]]"
318,20,"[[1, 1], [1, 3, 4, 3, 2], [1, 6, 4, 7, 2], [1, 1, 6, 4], [2, 7, 7], [3], [2, 4], [5, 2], [1, 1], [7], [1, 1, 1], [1, 2], [1], [1]]"
319,14,"[[2, 1], [2, 2, 2, 1, 5], [1, 6, 4, 5, 2], [3, 4, 5, 3], [3, 4, 4], [3], [3, 5], [4, 2], [4, 2], [4], [4, 1, 5], [1, 1], [3], [4]]"
320,14,"[[4, 6], [3, 4, 4, 1, 4], [3, 1, 2, 3, 4], [2, 5, 3, 3], [4, 5, 2], [3], [6, 6], [4, 1], [3, 1], [7], [3, 2, 6], [1, 2], [4], [2]]"
321,20,"[[3, 4], [1, 2, 4, 1, 3], [1, 4, 4, 3, 3], [2, 5, 3, 3], [2, 7, 5], [2], [4, 5], [4, 3], [2, 1], [5], [2, 1, 4], [1, 4], [2], [2]]"
322,14,"[[3, 3], [1, 2, 2, 1, 5], [1, 6, 4, 3, 2], [1, 5, 4, 3], [1, 6, 6], [3], [1, 5], [5, 3], [2, 1], [6], [1, 1, 3], [1, 5], [2], [1]]"
323,15,"[[2, 3], [3, 4, 3, 2, 2], [2, 7, 2, 2, 3], [4, 3, 3, 1], [1, 5, 6], [2], [1, 2], [3, 1], [3, 1], [6], [3, 3, 4], [2, 3], [3], [2]]"
324,15,"[[3, 2], [1, 4, 3, 3, 1], [1, 5, 3, 5, 1], [1, 6, 2, 3], [1, 6, 5], [2], [1, 5], [5, 2], [2, 2], [5], [1, 3, 3], [3, 5], [2], [2]]"
325,15,"[[3, 2], [1, 2, 3, 1, 3], [1, 5, 4, 4, 2], [1, 3, 2, 4], [1, 6, 5], [2], [2, 6], [5, 3], [3, 3], [5], [2, 2, 2], [1, 6], [2], [3]]"
326,15,"[[1, 1], [2, 4, 4, 1, 3], [1, 5, 4, 5, 1], [1, 4, 1, 2], [1, 5, 7], [3], [1, 1], [6, 2], [1, 1], [5], [2, 1, 2], [1, 4], [1], [1]]"
327,15,"[[4, 4], [2, 3, 4, 2, 4], [2, 6, 3, 5, 1], [1, 5, 5, 3], [2, 3, 5], [2], [3, 5], [4, 2], [4, 2], [5], [2, 2, 5], [2, 4], [4], [4]]"
328,20,"[[2, 2], [3, 3, 3, 1, 2], [1, 2, 3, 6, 2], [4, 4, 2, 5], [2, 6, 5], [1], [2, 3], [4, 1], [1, 1], [5], [3, 2, 2], [1, 2], [2], [2]]"
329,19,"[[4, 4], [3, 3, 3, 1, 5], [2, 6, 4, 5, 1], [2, 2, 6, 3], [3, 5, 6], [3], [2, 6], [2, 3], [3, 2], [6], [2, 1, 6], [2, 2], [3], [2]]"
330,17,"[[1, 1], [1, 3, 4, 2, 2], [1, 5, 4, 6, 2], [4, 5, 2, 4], [3, 6, 5], [3], [2, 4], [4, 2], [1, 1], [7], [1, 2, 5], [2, 4], [3], [1]]"
331,16,"[[3, 2], [3, 4, 3, 3, 2], [1, 7, 4, 4, 2], [2, 6, 4, 4], [2, 7, 7], [2], [1, 4], [3, 3], [1, 1], [5], [1, 2, 7], [1, 3], [1], [1]]"
332,18,"[[3, 3], [1, 1, 1, 1, 5], [1, 6, 4, 6, 2], [4, 2, 4, 3], [1, 4, 6], [3], [1, 6], [5, 3], [1, 1], [4], [1, 1, 5], [1, 2], [1], [1]]"
333,21,"[[1, 1], [1, 3, 4, 1, 2], [1, 5, 4, 4, 1], [1, 3, 5, 3], [1, 5, 6], [2], [1, 3], [2, 3], [1, 1], [3], [1, 2, 5], [1, 3], [1], [1]]"
334,15,"[[3, 2], [1, 3, 3, 1, 3], [1, 5, 5, 6, 2], [1, 5, 3, 3], [1, 6, 5], [3], [2, 3], [4, 3], [1, 1], [7], [1, 1, 7], [1, 2], [1], [1]]"
335,14,"[[4, 4], [1, 3, 4, 2, 3], [1, 4, 4, 4, 1], [2, 6, 3, 3], [4, 6, 4], [3], [4, 2], [3, 2], [1, 1], [5], [1, 2, 5], [1, 2], [2], [2]]"
336,18,"[[2, 1], [2, 3, 4, 1, 3], [1, 6, 4, 6, 1], [2, 5, 2, 3], [1, 5, 6], [2], [2, 6], [4, 2], [2, 1], [5], [1, 2, 5], [1, 3], [3], [1]]"
337,16,"[[4, 3], [3, 3, 4, 1, 2], [2, 4, 4, 6, 3], [2, 7, 1, 3], [3, 5, 5], [3], [3, 2], [4, 3], [2, 1], [4], [2, 2, 4], [2, 4], [2], [2]]"
338,19,"[[3, 2], [2, 2, 3, 2, 6], [1, 7, 4, 6, 4], [4, 2, 6, 4], [2, 7, 7], [3], [1, 7], [7, 1], [1, 1], [6], [2, 1, 5], [1, 2], [2], [2]]"
339,17,"[[1, 1], [1, 2, 4, 1, 5], [1, 6, 4, 6, 3], [2, 2, 4, 3], [1, 5, 5], [3], [2, 5], [5, 2], [1, 1], [3], [1, 1, 3], [1, 4], [1], [1]]"
340,18,"[[4, 4], [3, 4, 4, 2, 3], [2, 7, 2, 5, 3], [3, 5, 4, 2], [4, 7, 7], [3], [2, 6], [3, 1], [2, 1], [5], [1, 1, 7], [2, 5], [3], [2]]"
341,13,"[[3, 3], [3, 3, 4, 1, 4], [2, 6, 3, 4, 2], [4, 2, 5, 4], [3, 5, 5], [3], [2, 5], [4, 3], [3, 1], [5], [3, 1, 4], [1, 2], [3], [3]]"
342,20,"[[4, 2], [1, 3, 3, 1, 2], [1, 6, 4, 6, 3], [3, 6, 3, 3], [2, 6, 6], [3], [1, 5], [6, 2], [2, 2], [4], [4, 3, 2], [1, 2], [4], [4]]"
343,20,"[[3, 2], [2, 4, 3, 2, 4], [1, 5, 4, 5, 2], [3, 2, 3, 4], [2, 5, 5], [3], [2, 5], [5, 2], [3, 1], [6], [1, 3, 3], [1, 2], [2], [1]]"
344,18,"[[3, 3], [2, 2, 1, 1, 6], [1, 6, 3, 5, 1], [4, 1, 3, 3], [3, 4, 6], [3], [2, 7], [4, 3], [2, 1], [3], [2, 1, 6], [1, 2], [3], [1]]"
345,21,"[[4, 4], [1, 3, 4, 3, 2], [2, 3, 5, 7, 2], [3, 4, 3, 3], [4, 5, 4], [2], [1, 5], [5, 3], [2, 1], [5], [1, 1, 5], [1, 5], [3], [1]]"
346,19,"[[4, 3], [2, 3, 3, 2, 5], [1, 4, 5, 5, 2], [4, 4, 3, 3], [2, 5, 6], [2], [2, 4], [4, 2], [1, 1], [4], [2, 1, 5], [1, 2], [2], [2]]"
347,18,"[[3, 3], [1, 3, 3, 1, 1], [1, 3, 3, 4, 2], [4, 3, 5, 4], [2, 5, 4], [3], [2, 4], [6, 3], [2, 1], [3], [1, 1, 5], [1, 2], [4], [1]]"
348,19,"[[4, 3], [3, 3, 4, 1, 5], [2, 6, 4, 5, 1], [3, 5, 3, 3], [3, 5, 4], [3], [3, 6], [3, 3], [2, 1], [4], [3, 2, 5], [2, 4], [2], [2]]"
349,16,"[[1, 1], [2, 3, 1, 2, 6], [1, 6, 4, 4, 1], [4, 2, 3, 4], [2, 5, 6], [3], [1, 6], [2, 2], [1, 1], [4], [1, 1, 3], [1, 4], [2], [2]]"
350,17,"[[4, 4], [2, 2, 3, 3, 4], [1, 4, 4, 5, 3], [2, 2, 1, 5], [3, 5, 2], [2], [2, 5], [4, 3], [3, 2], [5], [3, 4, 2], [3, 4], [2], [2]]"
351,16,"[[3, 2], [2, 2, 1, 1, 4], [1, 6, 2, 4, 3], [3, 2, 2, 4], [2, 5, 5], [3], [2, 5], [4, 2], [1, 1], [7], [1, 1, 5], [1, 5], [1], [1]]"
352,19,"[[2, 3], [1, 3, 3, 2, 3], [1, 6, 5, 6, 4], [2, 5, 4, 4], [2, 6, 7], [1], [1, 7], [5, 3], [1, 1], [2], [1, 1, 7], [1, 3], [1], [1]]"
353,17,"[[4, 4], [2, 5, 3, 3, 3], [2, 3, 5, 6, 3], [3, 6, 3, 5], [2, 6, 3], [2], [2, 4], [4, 3], [3, 2], [2], [1, 3, 2], [2, 6], [1], [2]]"
354,17,"[[3, 2], [3, 2, 4, 1, 7], [2, 5, 4, 5, 3], [2, 2, 7, 4], [3, 7, 4], [2], [1, 6], [4, 3], [2, 1], [2], [2, 2, 7], [1, 2], [1], [1]]"
355,13,"[[3, 3], [2, 2, 1, 1, 3], [2, 4, 3, 5, 2], [1, 4, 3, 3], [3, 5, 5], [3], [1, 4], [3, 3], [2, 1], [4], [1, 1, 5], [1, 1], [2], [1]]"
356,14,"[[2, 2], [1, 3, 3, 2, 2], [1, 6, 3, 4, 2], [2, 4, 4, 3], [2, 5, 5], [3], [1, 2], [6, 3], [1, 1], [6], [1, 1, 7], [1, 1], [1], [1]]"
357,19,"[[2, 3], [2, 4, 4, 3, 6], [2, 2, 5, 7, 4], [3, 1, 1, 5], [2, 7, 7], [2], [1, 4], [7, 1], [2, 1], [4], [4, 3, 2], [1, 6], [4], [2]]"
358,16,"[[3, 2], [2, 3, 3, 1, 3], [1, 6, 3, 4, 3], [1, 1, 7, 4], [1, 6, 6], [3], [1, 6], [6, 3], [2, 2], [4], [1, 2, 3], [1, 5], [4], [3]]"
359,17,"[[3, 2], [2, 2, 1, 2, 3], [1, 3, 4, 4, 1], [5, 2, 5, 3], [2, 6, 6], [3], [6, 6], [4, 1], [2, 1], [5], [2, 1, 5], [1, 1], [1], [1]]"
360,21,"[[1, 1], [1, 3, 4, 3, 4], [1, 6, 3, 5, 2], [2, 4, 3, 3], [2, 4, 6], [2], [1, 5], [2, 3], [1, 1], [1], [1, 2, 5], [1, 2], [1], [1]]"
361,14,"[[2, 2], [1, 5, 4, 3, 1], [2, 5, 4, 3, 3], [3, 2, 4, 4], [4, 7, 4], [2], [1, 3], [5, 2], [1, 1], [3], [1, 1, 5], [1, 4], [1], [1]]"
362,22,"[[2, 2], [2, 2, 4, 1, 3], [2, 6, 3, 6, 1], [2, 2, 2, 3], [2, 5, 5], [3], [2, 6], [3, 3], [3, 1], [6], [3, 1, 4], [2, 4], [3], [3]]"
363,20,"[[1, 1], [1, 3, 4, 3, 2], [1, 6, 4, 7, 2], [1, 1, 6, 4], [2, 7, 7], [3], [2, 4], [5, 2], [1, 1], [7], [1, 1, 1], [1, 2], [1], [1]]"
364,14,"[[2, 1], [2, 2, 2, 1, 5], [1, 6, 4, 5, 2], [3, 4, 5, 3], [3, 4, 4], [3], [3, 5], [4, 2], [4, 2], [4], [4, 1, 5], [1, 1], [3], [4]]"
365,14,"[[4, 6], [3, 4, 4, 1, 4], [3, 1, 2, 3, 4], [2, 5, 3, 3], [4, 5, 2], [3], [6, 6], [4, 1], [3, 1], [7], [3, 2, 6], [1, 2], [4], [2]]"
366,20,"[[3, 4], [1, 2, 4, 1, 3], [1, 4, 4, 3, 3], [2, 5, 3, 3], [2, 7, 5], [2], [4, 5], [4, 3], [2, 1], [5], [2, 1, 4], [1, 4], [2], [2]]"
367,14,"[[3, 3], [1, 2, 2, 1, 5], [1, 6, 4, 3, 2], [1, 5, 4, 3], [1, 6, 6], [3], [1, 5], [5, 3], [2, 1], [6], [1, 1, 3], [1, 5], [2], [1]]"
368,15,"[[2, 3], [3, 4, 3, 2, 2], [2, 7, 2, 2, 3], [4, 3, 3, 1], [1, 5, 6], [2], [1, 2], [3, 1], [3, 1], [6], [3, 3, 4], [2, 3], [3], [2]]"
369,15,"[[3, 2], [1, 4, 3, 3, 1], [1, 5, 3, 5, 1], [1, 6, 2, 3], [1, 6, 5], [2], [1, 5], [5, 2], [2, 2], [5], [1, 3, 3], [3, 5], [2], [2]]"
370,15,"[[3, 2], [1, 2, 3, 1, 3], [1, 5, 4, 4, 2], [1, 3, 2, 4], [1, 6, 5], [2], [2, 6], [5, 3], [3, 3], [5], [2, 2, 2], [1, 6], [2], [3]]"
371,15,"[[1, 1], [2, 4, 4, 1, 3], [1, 5, 4, 5, 1], [1, 4, 1, 2], [1, 5, 7], [3], [1, 1], [6, 2], [1, 1], [5], [2, 1, 2], [1, 4], [1], [1]]"
372,15,"[[4, 4], [2, 3, 4, 2, 4], [2, 6, 3, 5, 1], [1, 5, 5, 3], [2, 3, 5], [2], [3, 5], [4, 2], [4, 2], [5], [2, 2, 5], [2, 4], [4], [4]]"
373,20,"[[2, 2], [3, 3, 3, 1, 2], [1, 2, 3, 6, 2], [4, 4, 2, 5], [2, 6, 5], [1], [2, 3], [4, 1], [1, 1], [5], [3, 2, 2], [1, 2], [2], [2]]"
374,19,"[[4, 4], [3, 3, 3, 1, 5], [2, 6, 4, 5, 1], [2, 2, 6, 3], [3, 5, 6], [3], [2, 6], [2, 3], [3, 2], [6], [2, 1, 6], [2, 2], [3], [2]]"
375,17,"[[1, 1], [1, 3, 4, 2, 2], [1, 5, 4, 6, 2], [4, 5, 2, 4], [3, 6, 5], [3], [2, 4], [4, 2], [1, 1], [7], [1, 2, 5], [2, 4], [3], [1]]"
376,16,"[[3, 2], [3, 4, 3, 3, 2], [1, 7, 4, 4, 2], [2, 6, 4, 4], [2, 7, 7], [2], [1, 4], [3, 3], [1, 1], [5], [1, 2, 7], [1, 3], [1], [1]]"
377,18,"[[3, 3], [1, 1, 1, 1, 5], [1, 6, 4, 6, 2], [4, 2, 4, 3], [1, 4, 6], [3], [1, 6], [5, 3], [1, 1], [4], [1, 1, 5], [1, 2], [1], [1]]"
378,21,"[[1, 1], [1, 3, 4, 1, 2], [1, 5, 4, 4, 1], [1, 3, 5, 3], [1, 5, 6], [2], [1, 3], [2, 3], [1, 1], [3], [1, 2, 5], [1, 3], [1], [1]]"
379,15,"[[3, 2], [1, 3, 3, 1, 3], [1, 5, 5, 6, 2], [1, 5, 3, 3], [1, 6, 5], [3], [2, 3], [4, 3], [1, 1], [7], [1, 1, 7], [1, 2], [1], [1]]"
380,14,"[[4, 4], [1, 3, 4, 2, 3], [1, 4, 4, 4, 1], [2, 6, 3, 3], [4, 6, 4], [3], [4, 2], [3, 2], [1, 1], [5], [1, 2, 5], [1, 2], [2], [2]]"
381,18,"[[2, 1], [2, 3, 4, 1, 3], [1, 6, 4, 6, 1], [2, 5, 2, 3], [1, 5, 6], [2], [2, 6], [4, 2], [2, 1], [5], [1, 2, 5], [1, 3], [3], [1]]"
382,16,"[[4, 3], [3, 3, 4, 1, 2], [2, 4, 4, 6, 3], [2, 7, 1, 3], [3, 5, 5], [3], [3, 2], [4, 3], [2, 1], [4], [2, 2, 4], [2, 4], [2], [2]]"
383,19,"[[3, 2], [2, 2, 3, 2, 6], [1, 7, 4, 6, 4], [4, 2, 6, 4], [2, 7, 7], [3], [1, 7], [7, 1], [1, 1], [6], [2, 1, 5], [1, 2], [2], [2]]"
384,17,"[[1, 1], [1, 2, 4, 1, 5], [1, 6, 4, 6, 3], [2, 2, 4, 3], [1, 5, 5], [3], [2, 5], [5, 2], [1, 1], [3], [1, 1, 3], [1, 4], [1], [1]]"
385,18,"[[4, 4], [3, 4, 4, 2, 3], [2, 7, 2, 5, 3], [3, 5, 4, 2], [4, 7, 7], [3], [2, 6], [3, 1], [2, 1], [5], [1, 1, 7], [2, 5], [3], [2]]"
386,13,"[[3, 3], [3, 3, 4, 1, 4], [2, 6, 3, 4, 2], [4, 2, 5, 4], [3, 5, 5], [3], [2, 5], [4, 3], [3, 1], [5], [3, 1, 4], [1, 2], [3], [3]]"
387,20,"[[4, 2], [1, 3, 3, 1, 2], [1, 6, 4, 6, 3], [3, 6, 3, 3], [2, 6, 6], [3], [1, 5], [6, 2], [2, 2], [4], [4, 3, 2], [1, 2], [4], [4]]"
388,20,"[[3, 2], [2, 4, 3, 2, 4], [1, 5, 4, 5, 2], [3, 2, 3, 4], [2, 5, 5], [3], [2, 5], [5, 2], [3, 1], [6], [1, 3, 3], [1, 2], [2], [1]]"
389,18,"[[3, 3], [2, 2, 1, 1, 6], [1, 6, 3, 5, 1], [4, 1, 3, 3], [3, 4, 6], [3], [2, 7], [4, 3], [2, 1], [3], [2, 1, 6], [1, 2], [3], [1]]"
390,21,"[[4, 4], [1, 3, 4, 3, 2], [2, 3, 5, 7, 2], [3, 4, 3, 3], [4, 5, 4], [2], [1, 5], [5, 3], [2, 1], [5], [1, 1, 5], [1, 5], [3], [1]]"
391,19,"[[4, 3], [2, 3, 3, 2, 5], [1, 4, 5, 5, 2], [4, 4, 3, 3], [2, 5, 6], [2], [2, 4], [4, 2], [1, 1], [4], [2, 1, 5], [1, 2], [2], [2]]"
392,18,"[[3, 3], [1, 3, 3, 1, 1], [1, 3, 3, 4, 2], [4, 3, 5, 4], [2, 5, 4], [3], [2, 4], [6, 3], [2, 1], [3], [1, 1, 5], [1, 2], [4], [1]]"
393,19,"[[4, 3], [3, 3, 4, 1, 5], [2, 6, 4, 5, 1], [3, 5, 3, 3], [3, 5, 4], [3], [3, 6], [3, 3], [2, 1], [4], [3, 2, 5], [2, 4], [2], [2]]"
394,16,"[[1, 1], [2, 3, 1, 2, 6], [1, 6, 4, 4, 1], [4, 2, 3, 4], [2, 5, 6], [3], [1, 6], [2, 2], [1, 1], [4], [1, 1, 3], [1, 4], [2], [2]]"
395,17,"[[4, 4], [2, 2, 3, 3, 4], [1, 4, 4, 5, 3], [2, 2, 1, 5], [3, 5, 2], [2], [2, 5], [4, 3], [3, 2], [5], [3, 4, 2], [3, 4], [2], [2]]"
396,16,"[[3, 2], [2, 2, 1, 1, 4], [1, 6, 2, 4, 3], [3, 2, 2, 4], [2, 5, 5], [3], [2, 5], [4, 2], [1, 1], [7], [1, 1, 5], [1, 5], [1], [1]]"
397,19,"[[2, 3], [1, 3, 3, 2, 3], [1, 6, 5, 6, 4], [2, 5, 4, 4], [2, 6, 7], [1], [1, 7], [5, 3], [1, 1], [2], [1, 1, 7], [1, 3], [1], [1]]"
398,17,"[[4, 4], [2, 5, 3, 3, 3], [2, 3, 5, 6, 3], [3, 6, 3, 5], [2, 6, 3], [2], [2, 4], [4, 3], [3, 2], [2], [1, 3, 2], [2, 6], [1], [2]]"
399,17,"[[3, 2], [3, 2, 4, 1, 7], [2, 5, 4, 5, 3], [2, 2, 7, 4], [3, 7, 4], [2], [1, 6], [4, 3], [2, 1], [2], [2, 2, 7], [1, 2], [1], [1]]"
400,13,"[[3, 3], [2, 2, 1, 1, 3], [2, 4, 3, 5, 2], [1, 4, 3, 3], [3, 5, 5], [3], [1, 4], [3, 3], [2, 1], [4], [1, 1, 5], [1, 1], [2], [1]]"
401,14,"[[2, 2], [1, 3, 3, 2, 2], [1, 6, 3, 4, 2], [2, 4, 4, 3], [2, 5, 5], [3], [1, 2], [6, 3], [1, 1], [6], [1, 1, 7], [1, 1], [1], [1]]"
402,19,"[[2, 3], [2, 4, 4, 3, 6], [2, 2, 5, 7, 4], [3, 1, 1, 5], [2, 7, 7], [2], [1, 4], [7, 1], [2, 1], [4], [4, 3, 2], [1, 6], [4], [2]]"
403,16,"[[3, 2], [2, 3, 3, 1, 3], [1, 6, 3, 4, 3], [1, 1, 7, 4], [1, 6, 6], [3], [1, 6], [6, 3], [2, 2], [4], [1, 2, 3], [1, 5], [4], [3]]"
404,17,"[[3, 2], [2, 2, 1, 2, 3], [1, 3, 4, 4, 1], [5, 2, 5, 3], [2, 6, 6], [3], [6, 6], [4, 1], [2, 1], [5], [2, 1, 5], [1, 1], [1], [1]]"
405,21,"[[1, 1], [1, 3, 4, 3, 4], [1, 6, 3, 5, 2], [2, 4, 3, 3], [2, 4, 6], [2], [1, 5], [2, 3], [1, 1], [1], [1, 2, 5], [1, 2], [1], [1]]"
406,14,"[[2, 2], [1, 5, 4, 3, 1], [2, 5, 4, 3, 3], [3, 2, 4, 4], [4, 7, 4], [2], [1, 3], [5, 2], [1, 1], [3], [1, 1, 5], [1, 4], [1], [1]]"
407,22,"[[2, 2], [2, 2, 4, 1, 3], [2, 6, 3, 6, 1], [2, 2, 2, 3], [2, 5, 5], [3], [2, 6], [3, 3], [3, 1], [6], [3, 1, 4], [2, 4], [3], [3]]"
408,20,"[[1, 1], [1, 3, 4, 3, 2], [1, 6, 4, 7, 2], [1, 1, 6, 4], [2, 7, 7], [3], [2, 4], [5, 2], [1, 1], [7], [1, 1, 1], [1, 2], [1], [1]]"
409,14,"[[2, 1], [2, 2, 2, 1, 5], [1, 6, 4, 5, 2], [3, 4, 5, 3], [3, 4, 4], [3], [3, 5], [4, 2], [4, 2], [4], [4, 1, 5], [1, 1], [3], [4]]"
410,14,"[[4, 6], [3, 4, 4, 1, 4], [3, 1, 2, 3, 4], [2, 5, 3, 3], [4, 5, 2], [3], [6, 6], [4, 1], [3, 1], [7], [3, 2, 6], [1, 2], [4], [2]]"
411,20,"[[3, 4], [1, 2, 4, 1, 3], [1, 4, 4, 3, 3], [2, 5, 3, 3], [2, 7, 5], [2], [4, 5], [4, 3], [2, 1], [5], [2, 1, 4], [1, 4], [2], [2]]"
412,14,"[[3, 3], [1, 2, 2, 1, 5], [1, 6, 4, 3, 2], [1, 5, 4, 3], [1, 6, 6], [3], [1, 5], [5, 3], [2, 1], [6], [1, 1, 3], [1, 5], [2], [1]]"